[
    {
        "key": "group_61743dd8747b7",
        "title": "Voiture",
        "fields": [
            {
                "key": "field_61743dfc419ca",
                "label": "Prix",
                "name": "price",
                "aria-label": "",
                "type": "text",
                "instructions": "",
                "required": 0,
                "conditional_logic": 0,
                "wrapper": {
                    "width": "",
                    "class": "",
                    "id": ""
                },
                "default_value": "",
                "placeholder": "",
                "prepend": "",
                "append": "",
                "maxlength": ""
            },
            {
                "key": "field_61743e12419cb",
                "label": "Commenditaire",
                "name": "sponsor",
                "aria-label": "",
                "type": "select",
                "instructions": "",
                "required": 0,
                "conditional_logic": 0,
                "wrapper": {
                    "width": "",
                    "class": "",
                    "id": ""
                },
                "choices": {
                    "rusteze": "Rust-eze",
                    "dinoco": "Dinoco",
                    "htb": "Hostile Takeover Bank",
                    "other": "Autre"
                },
                "default_value": false,
                "allow_null": 0,
                "multiple": 0,
                "ui": 0,
                "return_format": "value",
                "ajax": 0,
                "placeholder": ""
            }
        ],
        "location": [
            [
                {
                    "param": "post_type",
                    "operator": "==",
                    "value": "voitures"
                }
            ]
        ],
        "menu_order": 0,
        "position": "side",
        "style": "default",
        "label_placement": "top",
        "instruction_placement": "label",
        "hide_on_screen": "",
        "active": true,
        "description": "",
        "show_in_rest": 0
    },
    {
        "key": "post_type_671ef5309016f",
        "title": "Voitures",
        "menu_order": 0,
        "active": true,
        "post_type": "voitures",
        "advanced_configuration": false,
        "import_source": "",
        "import_date": "",
        "labels": {
            "name": "Voitures",
            "singular_name": "Voiture",
            "menu_name": "Voitures",
            "all_items": "All Voitures",
            "edit_item": "Edit Voiture",
            "view_item": "View Voiture",
            "view_items": "View Voitures",
            "add_new_item": "Add New Voiture",
            "add_new": "",
            "new_item": "New Voiture",
            "parent_item_colon": "Parent Voiture:",
            "search_items": "Search Voitures",
            "not_found": "No voitures found",
            "not_found_in_trash": "No voitures found in Trash",
            "archives": "Voiture Archives",
            "attributes": "Voiture Attributes",
            "featured_image": "",
            "set_featured_image": "",
            "remove_featured_image": "",
            "use_featured_image": "",
            "insert_into_item": "Insert into voiture",
            "uploaded_to_this_item": "Uploaded to this voiture",
            "filter_items_list": "Filter voitures list",
            "filter_by_date": "Filter voitures by date",
            "items_list_navigation": "Voitures list navigation",
            "items_list": "Voitures list",
            "item_published": "Voiture published.",
            "item_published_privately": "Voiture published privately.",
            "item_reverted_to_draft": "Voiture reverted to draft.",
            "item_scheduled": "Voiture scheduled.",
            "item_updated": "Voiture updated.",
            "item_link": "Voiture Link",
            "item_link_description": "A link to a voiture."
        },
        "description": "",
        "public": true,
        "hierarchical": false,
        "exclude_from_search": false,
        "publicly_queryable": true,
        "show_ui": true,
        "show_in_menu": true,
        "admin_menu_parent": "",
        "show_in_admin_bar": true,
        "show_in_nav_menus": true,
        "show_in_rest": true,
        "rest_base": "",
        "rest_namespace": "wp\/v2",
        "rest_controller_class": "WP_REST_Posts_Controller",
        "menu_position": "",
        "menu_icon": "",
        "rename_capabilities": false,
        "singular_capability_name": "post",
        "plural_capability_name": "posts",
        "supports": [
            "title",
            "editor",
            "thumbnail"
        ],
        "taxonomies": "",
        "has_archive": false,
        "has_archive_slug": "",
        "rewrite": {
            "permalink_rewrite": "post_type_key",
            "with_front": "1",
            "feeds": "0",
            "pages": "1"
        },
        "query_var": "post_type_key",
        "query_var_name": "",
        "can_export": true,
        "delete_with_user": false,
        "register_meta_box_cb": "",
        "enter_title_here": ""
    }
]
