<?xml version="1.0" encoding="UTF-8" ?>
<!-- This is a WordPress eXtended RSS file generated by WordPress as an export of your site. -->
<!-- It contains information about your site's posts, pages, comments, categories, and other content. -->
<!-- You may use this file to transfer that content from one site to another. -->
<!-- This file is not intended to serve as a complete backup of your site. -->

<!-- To import this information into a WordPress site follow these steps: -->
<!-- 1. Log in to that site as an administrator. -->
<!-- 2. Go to Tools: Import in the WordPress admin panel. -->
<!-- 3. Install the "WordPress" importer from the list. -->
<!-- 4. Activate & Run Importer. -->
<!-- 5. Upload this file using the form provided on that page. -->
<!-- 6. You will first be asked to map the authors in this export file to users -->
<!--    on the site. For each author, you may choose to map to an -->
<!--    existing user on the site or to create a new user. -->
<!-- 7. WordPress will then import each of the posts, pages, comments, categories, etc. -->
<!--    contained in this file into your site. -->

	<!-- generator="WordPress/6.6.2" created="2024-11-11 22:11" -->
<rss version="2.0"
	xmlns:excerpt="http://wordpress.org/export/1.2/excerpt/"
	xmlns:content="http://purl.org/rss/1.0/modules/content/"
	xmlns:wfw="http://wellformedweb.org/CommentAPI/"
	xmlns:dc="http://purl.org/dc/elements/1.1/"
	xmlns:wp="http://wordpress.org/export/1.2/"
>

<channel>
	<title>Vice Versa</title>
	<link>https://marie-test.tim-momo.com/vice-versa</link>
	<description>Exercice Vice Versa</description>
	<pubDate>Mon, 11 Nov 2024 22:11:39 +0000</pubDate>
	<language>fr-FR</language>
	<wp:wxr_version>1.2</wp:wxr_version>
	<wp:base_site_url>https://marie-test.tim-momo.com/vice-versa</wp:base_site_url>
	<wp:base_blog_url>https://marie-test.tim-momo.com/vice-versa</wp:base_blog_url>

		<wp:author><wp:author_id>1</wp:author_id><wp:author_login><![CDATA[mariemichelle]]></wp:author_login><wp:author_email><![CDATA[admin@marie-test.tim-momo.com]]></wp:author_email><wp:author_display_name><![CDATA[mariemichelle]]></wp:author_display_name><wp:author_first_name><![CDATA[]]></wp:author_first_name><wp:author_last_name><![CDATA[]]></wp:author_last_name></wp:author>

		<wp:category>
		<wp:term_id>2</wp:term_id>
		<wp:category_nicename><![CDATA[non-classe]]></wp:category_nicename>
		<wp:category_parent><![CDATA[]]></wp:category_parent>
		<wp:cat_name><![CDATA[Non classé]]></wp:cat_name>
	</wp:category>
		<wp:category>
		<wp:term_id>1</wp:term_id>
		<wp:category_nicename><![CDATA[uncategorized]]></wp:category_nicename>
		<wp:category_parent><![CDATA[]]></wp:category_parent>
		<wp:cat_name><![CDATA[Uncategorized]]></wp:cat_name>
	</wp:category>
				<wp:term>
		<wp:term_id>3</wp:term_id>
		<wp:term_taxonomy><![CDATA[nav_menu]]></wp:term_taxonomy>
		<wp:term_slug><![CDATA[menu-principal]]></wp:term_slug>
		<wp:term_parent><![CDATA[]]></wp:term_parent>
		<wp:term_name><![CDATA[Menu principal]]></wp:term_name>
	</wp:term>
		<wp:term>
		<wp:term_id>2</wp:term_id>
		<wp:term_taxonomy><![CDATA[category]]></wp:term_taxonomy>
		<wp:term_slug><![CDATA[non-classe]]></wp:term_slug>
		<wp:term_parent><![CDATA[]]></wp:term_parent>
		<wp:term_name><![CDATA[Non classé]]></wp:term_name>
	</wp:term>
		<wp:term>
		<wp:term_id>1</wp:term_id>
		<wp:term_taxonomy><![CDATA[category]]></wp:term_taxonomy>
		<wp:term_slug><![CDATA[uncategorized]]></wp:term_slug>
		<wp:term_parent><![CDATA[]]></wp:term_parent>
		<wp:term_name><![CDATA[Uncategorized]]></wp:term_name>
	</wp:term>
			<wp:term><wp:term_id>3</wp:term_id><wp:term_taxonomy>nav_menu</wp:term_taxonomy><wp:term_slug><![CDATA[menu-principal]]></wp:term_slug><wp:term_name><![CDATA[Menu principal]]></wp:term_name>
</wp:term>

	<generator>https://wordpress.org/?v=6.6.2</generator>

		
			
					<item>
		<title><![CDATA[Colère]]></title>
		<link>https://marie-test.tim-momo.com/vice-versa/emotions/colere/</link>
		<pubDate>Thu, 28 Oct 2021 15:18:40 +0000</pubDate>
		<dc:creator><![CDATA[mariemichelle]]></dc:creator>
		<guid isPermaLink="false">http://localhost/demo/?post_type=emotions&#038;p=17</guid>
		<description></description>
		<content:encoded><![CDATA[<!-- wp:paragraph -->
<p>Réal Bossé prête sa voix au personnage de Colère dans la version québécoise.</p>
<!-- /wp:paragraph -->]]></content:encoded>
		<excerpt:encoded><![CDATA[]]></excerpt:encoded>
		<wp:post_id>17</wp:post_id>
		<wp:post_date><![CDATA[2021-10-28 15:18:40]]></wp:post_date>
		<wp:post_date_gmt><![CDATA[2021-10-28 15:18:40]]></wp:post_date_gmt>
		<wp:post_modified><![CDATA[2024-11-11 22:08:53]]></wp:post_modified>
		<wp:post_modified_gmt><![CDATA[2024-11-11 22:08:53]]></wp:post_modified_gmt>
		<wp:comment_status><![CDATA[closed]]></wp:comment_status>
		<wp:ping_status><![CDATA[closed]]></wp:ping_status>
		<wp:post_name><![CDATA[colere]]></wp:post_name>
		<wp:status><![CDATA[publish]]></wp:status>
		<wp:post_parent>0</wp:post_parent>
		<wp:menu_order>0</wp:menu_order>
		<wp:post_type><![CDATA[emotions]]></wp:post_type>
		<wp:post_password><![CDATA[]]></wp:post_password>
		<wp:is_sticky>0</wp:is_sticky>
														<wp:postmeta>
		<wp:meta_key><![CDATA[_thumbnail_id]]></wp:meta_key>
		<wp:meta_value><![CDATA[28]]></wp:meta_value>
		</wp:postmeta>
							</item>
				
					
					<item>
		<title><![CDATA[Spotify]]></title>
		<link>https://marie-test.tim-momo.com/vice-versa/2024/11/11/spotify/</link>
		<pubDate>Mon, 11 Nov 2024 21:47:53 +0000</pubDate>
		<dc:creator><![CDATA[mariemichelle]]></dc:creator>
		<guid isPermaLink="false">https://marie-test.tim-momo.com/vice-versa/2024/11/11/spotify/</guid>
		<description></description>
		<content:encoded><![CDATA[]]></content:encoded>
		<excerpt:encoded><![CDATA[]]></excerpt:encoded>
		<wp:post_id>15</wp:post_id>
		<wp:post_date><![CDATA[2024-11-11 21:47:53]]></wp:post_date>
		<wp:post_date_gmt><![CDATA[2024-11-11 21:47:53]]></wp:post_date_gmt>
		<wp:post_modified><![CDATA[2024-11-11 21:47:53]]></wp:post_modified>
		<wp:post_modified_gmt><![CDATA[2024-11-11 21:47:53]]></wp:post_modified_gmt>
		<wp:comment_status><![CDATA[closed]]></wp:comment_status>
		<wp:ping_status><![CDATA[closed]]></wp:ping_status>
		<wp:post_name><![CDATA[spotify]]></wp:post_name>
		<wp:status><![CDATA[publish]]></wp:status>
		<wp:post_parent>0</wp:post_parent>
		<wp:menu_order>1</wp:menu_order>
		<wp:post_type><![CDATA[nav_menu_item]]></wp:post_type>
		<wp:post_password><![CDATA[]]></wp:post_password>
		<wp:is_sticky>0</wp:is_sticky>
										<category domain="nav_menu" nicename="menu-principal"><![CDATA[Menu principal]]></category>
						<wp:postmeta>
		<wp:meta_key><![CDATA[_menu_item_type]]></wp:meta_key>
		<wp:meta_value><![CDATA[custom]]></wp:meta_value>
		</wp:postmeta>
							<wp:postmeta>
		<wp:meta_key><![CDATA[_menu_item_menu_item_parent]]></wp:meta_key>
		<wp:meta_value><![CDATA[0]]></wp:meta_value>
		</wp:postmeta>
							<wp:postmeta>
		<wp:meta_key><![CDATA[_menu_item_object_id]]></wp:meta_key>
		<wp:meta_value><![CDATA[15]]></wp:meta_value>
		</wp:postmeta>
							<wp:postmeta>
		<wp:meta_key><![CDATA[_menu_item_object]]></wp:meta_key>
		<wp:meta_value><![CDATA[custom]]></wp:meta_value>
		</wp:postmeta>
							<wp:postmeta>
		<wp:meta_key><![CDATA[_menu_item_target]]></wp:meta_key>
		<wp:meta_value><![CDATA[]]></wp:meta_value>
		</wp:postmeta>
							<wp:postmeta>
		<wp:meta_key><![CDATA[_menu_item_classes]]></wp:meta_key>
		<wp:meta_value><![CDATA[a:1:{i:0;s:0:"";}]]></wp:meta_value>
		</wp:postmeta>
							<wp:postmeta>
		<wp:meta_key><![CDATA[_menu_item_xfn]]></wp:meta_key>
		<wp:meta_value><![CDATA[]]></wp:meta_value>
		</wp:postmeta>
							<wp:postmeta>
		<wp:meta_key><![CDATA[_menu_item_url]]></wp:meta_key>
		<wp:meta_value><![CDATA[https://ggogle.com]]></wp:meta_value>
		</wp:postmeta>
							</item>
					<item>
		<title><![CDATA[degout]]></title>
		<link>https://marie-test.tim-momo.com/vice-versa/degout/</link>
		<pubDate>Mon, 11 Nov 2024 22:02:39 +0000</pubDate>
		<dc:creator><![CDATA[mariemichelle]]></dc:creator>
		<guid isPermaLink="false">https://marie-test.tim-momo.com/vice-versa/wp-content/uploads/2024/11/degout.jpeg</guid>
		<description></description>
		<content:encoded><![CDATA[]]></content:encoded>
		<excerpt:encoded><![CDATA[]]></excerpt:encoded>
		<wp:post_id>29</wp:post_id>
		<wp:post_date><![CDATA[2024-11-11 22:02:39]]></wp:post_date>
		<wp:post_date_gmt><![CDATA[2024-11-11 22:02:39]]></wp:post_date_gmt>
		<wp:post_modified><![CDATA[2024-11-11 22:02:39]]></wp:post_modified>
		<wp:post_modified_gmt><![CDATA[2024-11-11 22:02:39]]></wp:post_modified_gmt>
		<wp:comment_status><![CDATA[open]]></wp:comment_status>
		<wp:ping_status><![CDATA[closed]]></wp:ping_status>
		<wp:post_name><![CDATA[degout]]></wp:post_name>
		<wp:status><![CDATA[inherit]]></wp:status>
		<wp:post_parent>0</wp:post_parent>
		<wp:menu_order>0</wp:menu_order>
		<wp:post_type><![CDATA[attachment]]></wp:post_type>
		<wp:post_password><![CDATA[]]></wp:post_password>
		<wp:is_sticky>0</wp:is_sticky>
						<wp:attachment_url><![CDATA[https://marie-test.tim-momo.com/vice-versa/wp-content/uploads/2024/11/degout.jpeg]]></wp:attachment_url>
											<wp:postmeta>
		<wp:meta_key><![CDATA[_wp_attached_file]]></wp:meta_key>
		<wp:meta_value><![CDATA[2024/11/degout.jpeg]]></wp:meta_value>
		</wp:postmeta>
							<wp:postmeta>
		<wp:meta_key><![CDATA[_wp_attachment_metadata]]></wp:meta_key>
		<wp:meta_value><![CDATA[a:6:{s:5:"width";i:450;s:6:"height";i:600;s:4:"file";s:19:"2024/11/degout.jpeg";s:8:"filesize";i:37172;s:5:"sizes";a:2:{s:6:"medium";a:5:{s:4:"file";s:19:"degout-225x300.jpeg";s:5:"width";i:225;s:6:"height";i:300;s:9:"mime-type";s:10:"image/jpeg";s:8:"filesize";i:16162;}s:9:"thumbnail";a:5:{s:4:"file";s:19:"degout-150x150.jpeg";s:5:"width";i:150;s:6:"height";i:150;s:9:"mime-type";s:10:"image/jpeg";s:8:"filesize";i:6056;}}s:10:"image_meta";a:12:{s:8:"aperture";s:1:"0";s:6:"credit";s:0:"";s:6:"camera";s:0:"";s:7:"caption";s:0:"";s:17:"created_timestamp";s:1:"0";s:9:"copyright";s:0:"";s:12:"focal_length";s:1:"0";s:3:"iso";s:1:"0";s:13:"shutter_speed";s:1:"0";s:5:"title";s:0:"";s:11:"orientation";s:1:"0";s:8:"keywords";a:0:{}}}]]></wp:meta_value>
		</wp:postmeta>
							</item>
					<item>
		<title><![CDATA[joie]]></title>
		<link>https://marie-test.tim-momo.com/vice-versa/joie/</link>
		<pubDate>Mon, 11 Nov 2024 22:02:39 +0000</pubDate>
		<dc:creator><![CDATA[mariemichelle]]></dc:creator>
		<guid isPermaLink="false">https://marie-test.tim-momo.com/vice-versa/wp-content/uploads/2024/11/joie.jpeg</guid>
		<description></description>
		<content:encoded><![CDATA[]]></content:encoded>
		<excerpt:encoded><![CDATA[]]></excerpt:encoded>
		<wp:post_id>30</wp:post_id>
		<wp:post_date><![CDATA[2024-11-11 22:02:39]]></wp:post_date>
		<wp:post_date_gmt><![CDATA[2024-11-11 22:02:39]]></wp:post_date_gmt>
		<wp:post_modified><![CDATA[2024-11-11 22:02:39]]></wp:post_modified>
		<wp:post_modified_gmt><![CDATA[2024-11-11 22:02:39]]></wp:post_modified_gmt>
		<wp:comment_status><![CDATA[open]]></wp:comment_status>
		<wp:ping_status><![CDATA[closed]]></wp:ping_status>
		<wp:post_name><![CDATA[joie]]></wp:post_name>
		<wp:status><![CDATA[inherit]]></wp:status>
		<wp:post_parent>0</wp:post_parent>
		<wp:menu_order>0</wp:menu_order>
		<wp:post_type><![CDATA[attachment]]></wp:post_type>
		<wp:post_password><![CDATA[]]></wp:post_password>
		<wp:is_sticky>0</wp:is_sticky>
						<wp:attachment_url><![CDATA[https://marie-test.tim-momo.com/vice-versa/wp-content/uploads/2024/11/joie.jpeg]]></wp:attachment_url>
											<wp:postmeta>
		<wp:meta_key><![CDATA[_wp_attached_file]]></wp:meta_key>
		<wp:meta_value><![CDATA[2024/11/joie.jpeg]]></wp:meta_value>
		</wp:postmeta>
							<wp:postmeta>
		<wp:meta_key><![CDATA[_wp_attachment_metadata]]></wp:meta_key>
		<wp:meta_value><![CDATA[a:6:{s:5:"width";i:450;s:6:"height";i:600;s:4:"file";s:17:"2024/11/joie.jpeg";s:8:"filesize";i:28506;s:5:"sizes";a:2:{s:6:"medium";a:5:{s:4:"file";s:17:"joie-225x300.jpeg";s:5:"width";i:225;s:6:"height";i:300;s:9:"mime-type";s:10:"image/jpeg";s:8:"filesize";i:14330;}s:9:"thumbnail";a:5:{s:4:"file";s:17:"joie-150x150.jpeg";s:5:"width";i:150;s:6:"height";i:150;s:9:"mime-type";s:10:"image/jpeg";s:8:"filesize";i:5982;}}s:10:"image_meta";a:12:{s:8:"aperture";s:1:"0";s:6:"credit";s:0:"";s:6:"camera";s:0:"";s:7:"caption";s:0:"";s:17:"created_timestamp";s:1:"0";s:9:"copyright";s:0:"";s:12:"focal_length";s:1:"0";s:3:"iso";s:1:"0";s:13:"shutter_speed";s:1:"0";s:5:"title";s:0:"";s:11:"orientation";s:1:"0";s:8:"keywords";a:0:{}}}]]></wp:meta_value>
		</wp:postmeta>
							</item>
					<item>
		<title><![CDATA[peur]]></title>
		<link>https://marie-test.tim-momo.com/vice-versa/peur/</link>
		<pubDate>Mon, 11 Nov 2024 22:02:40 +0000</pubDate>
		<dc:creator><![CDATA[mariemichelle]]></dc:creator>
		<guid isPermaLink="false">https://marie-test.tim-momo.com/vice-versa/wp-content/uploads/2024/11/peur.jpeg</guid>
		<description></description>
		<content:encoded><![CDATA[]]></content:encoded>
		<excerpt:encoded><![CDATA[]]></excerpt:encoded>
		<wp:post_id>31</wp:post_id>
		<wp:post_date><![CDATA[2024-11-11 22:02:40]]></wp:post_date>
		<wp:post_date_gmt><![CDATA[2024-11-11 22:02:40]]></wp:post_date_gmt>
		<wp:post_modified><![CDATA[2024-11-11 22:02:40]]></wp:post_modified>
		<wp:post_modified_gmt><![CDATA[2024-11-11 22:02:40]]></wp:post_modified_gmt>
		<wp:comment_status><![CDATA[open]]></wp:comment_status>
		<wp:ping_status><![CDATA[closed]]></wp:ping_status>
		<wp:post_name><![CDATA[peur]]></wp:post_name>
		<wp:status><![CDATA[inherit]]></wp:status>
		<wp:post_parent>0</wp:post_parent>
		<wp:menu_order>0</wp:menu_order>
		<wp:post_type><![CDATA[attachment]]></wp:post_type>
		<wp:post_password><![CDATA[]]></wp:post_password>
		<wp:is_sticky>0</wp:is_sticky>
						<wp:attachment_url><![CDATA[https://marie-test.tim-momo.com/vice-versa/wp-content/uploads/2024/11/peur.jpeg]]></wp:attachment_url>
											<wp:postmeta>
		<wp:meta_key><![CDATA[_wp_attached_file]]></wp:meta_key>
		<wp:meta_value><![CDATA[2024/11/peur.jpeg]]></wp:meta_value>
		</wp:postmeta>
							<wp:postmeta>
		<wp:meta_key><![CDATA[_wp_attachment_metadata]]></wp:meta_key>
		<wp:meta_value><![CDATA[a:6:{s:5:"width";i:450;s:6:"height";i:600;s:4:"file";s:17:"2024/11/peur.jpeg";s:8:"filesize";i:25990;s:5:"sizes";a:2:{s:6:"medium";a:5:{s:4:"file";s:17:"peur-225x300.jpeg";s:5:"width";i:225;s:6:"height";i:300;s:9:"mime-type";s:10:"image/jpeg";s:8:"filesize";i:11798;}s:9:"thumbnail";a:5:{s:4:"file";s:17:"peur-150x150.jpeg";s:5:"width";i:150;s:6:"height";i:150;s:9:"mime-type";s:10:"image/jpeg";s:8:"filesize";i:4287;}}s:10:"image_meta";a:12:{s:8:"aperture";s:1:"0";s:6:"credit";s:0:"";s:6:"camera";s:0:"";s:7:"caption";s:0:"";s:17:"created_timestamp";s:1:"0";s:9:"copyright";s:0:"";s:12:"focal_length";s:1:"0";s:3:"iso";s:1:"0";s:13:"shutter_speed";s:1:"0";s:5:"title";s:0:"";s:11:"orientation";s:1:"0";s:8:"keywords";a:0:{}}}]]></wp:meta_value>
		</wp:postmeta>
							</item>
					<item>
		<title><![CDATA[tristesse]]></title>
		<link>https://marie-test.tim-momo.com/vice-versa/tristesse/</link>
		<pubDate>Mon, 11 Nov 2024 22:02:40 +0000</pubDate>
		<dc:creator><![CDATA[mariemichelle]]></dc:creator>
		<guid isPermaLink="false">https://marie-test.tim-momo.com/vice-versa/wp-content/uploads/2024/11/tristesse.jpeg</guid>
		<description></description>
		<content:encoded><![CDATA[]]></content:encoded>
		<excerpt:encoded><![CDATA[]]></excerpt:encoded>
		<wp:post_id>32</wp:post_id>
		<wp:post_date><![CDATA[2024-11-11 22:02:40]]></wp:post_date>
		<wp:post_date_gmt><![CDATA[2024-11-11 22:02:40]]></wp:post_date_gmt>
		<wp:post_modified><![CDATA[2024-11-11 22:02:40]]></wp:post_modified>
		<wp:post_modified_gmt><![CDATA[2024-11-11 22:02:40]]></wp:post_modified_gmt>
		<wp:comment_status><![CDATA[open]]></wp:comment_status>
		<wp:ping_status><![CDATA[closed]]></wp:ping_status>
		<wp:post_name><![CDATA[tristesse]]></wp:post_name>
		<wp:status><![CDATA[inherit]]></wp:status>
		<wp:post_parent>0</wp:post_parent>
		<wp:menu_order>0</wp:menu_order>
		<wp:post_type><![CDATA[attachment]]></wp:post_type>
		<wp:post_password><![CDATA[]]></wp:post_password>
		<wp:is_sticky>0</wp:is_sticky>
						<wp:attachment_url><![CDATA[https://marie-test.tim-momo.com/vice-versa/wp-content/uploads/2024/11/tristesse.jpeg]]></wp:attachment_url>
											<wp:postmeta>
		<wp:meta_key><![CDATA[_wp_attached_file]]></wp:meta_key>
		<wp:meta_value><![CDATA[2024/11/tristesse.jpeg]]></wp:meta_value>
		</wp:postmeta>
							<wp:postmeta>
		<wp:meta_key><![CDATA[_wp_attachment_metadata]]></wp:meta_key>
		<wp:meta_value><![CDATA[a:6:{s:5:"width";i:450;s:6:"height";i:600;s:4:"file";s:22:"2024/11/tristesse.jpeg";s:8:"filesize";i:43991;s:5:"sizes";a:2:{s:6:"medium";a:5:{s:4:"file";s:22:"tristesse-225x300.jpeg";s:5:"width";i:225;s:6:"height";i:300;s:9:"mime-type";s:10:"image/jpeg";s:8:"filesize";i:18464;}s:9:"thumbnail";a:5:{s:4:"file";s:22:"tristesse-150x150.jpeg";s:5:"width";i:150;s:6:"height";i:150;s:9:"mime-type";s:10:"image/jpeg";s:8:"filesize";i:6874;}}s:10:"image_meta";a:12:{s:8:"aperture";s:1:"0";s:6:"credit";s:0:"";s:6:"camera";s:0:"";s:7:"caption";s:0:"";s:17:"created_timestamp";s:1:"0";s:9:"copyright";s:0:"";s:12:"focal_length";s:1:"0";s:3:"iso";s:1:"0";s:13:"shutter_speed";s:1:"0";s:5:"title";s:0:"";s:11:"orientation";s:1:"0";s:8:"keywords";a:0:{}}}]]></wp:meta_value>
		</wp:postmeta>
							</item>
					<item>
		<title><![CDATA[Spotify]]></title>
		<link>https://marie-test.tim-momo.com/vice-versa/2024/11/11/spotify-2/</link>
		<pubDate>Mon, 11 Nov 2024 22:07:15 +0000</pubDate>
		<dc:creator><![CDATA[mariemichelle]]></dc:creator>
		<guid isPermaLink="false">https://marie-test.tim-momo.com/vice-versa/2024/11/11/spotify-2/</guid>
		<description></description>
		<content:encoded><![CDATA[]]></content:encoded>
		<excerpt:encoded><![CDATA[]]></excerpt:encoded>
		<wp:post_id>35</wp:post_id>
		<wp:post_date><![CDATA[2024-11-11 22:07:15]]></wp:post_date>
		<wp:post_date_gmt><![CDATA[2024-11-11 22:07:15]]></wp:post_date_gmt>
		<wp:post_modified><![CDATA[2024-11-11 22:07:15]]></wp:post_modified>
		<wp:post_modified_gmt><![CDATA[2024-11-11 22:07:15]]></wp:post_modified_gmt>
		<wp:comment_status><![CDATA[closed]]></wp:comment_status>
		<wp:ping_status><![CDATA[closed]]></wp:ping_status>
		<wp:post_name><![CDATA[spotify-2]]></wp:post_name>
		<wp:status><![CDATA[publish]]></wp:status>
		<wp:post_parent>0</wp:post_parent>
		<wp:menu_order>1</wp:menu_order>
		<wp:post_type><![CDATA[nav_menu_item]]></wp:post_type>
		<wp:post_password><![CDATA[]]></wp:post_password>
		<wp:is_sticky>0</wp:is_sticky>
										<category domain="nav_menu" nicename="menu-principal"><![CDATA[Menu principal]]></category>
						<wp:postmeta>
		<wp:meta_key><![CDATA[_menu_item_type]]></wp:meta_key>
		<wp:meta_value><![CDATA[custom]]></wp:meta_value>
		</wp:postmeta>
							<wp:postmeta>
		<wp:meta_key><![CDATA[_menu_item_menu_item_parent]]></wp:meta_key>
		<wp:meta_value><![CDATA[0]]></wp:meta_value>
		</wp:postmeta>
							<wp:postmeta>
		<wp:meta_key><![CDATA[_menu_item_object_id]]></wp:meta_key>
		<wp:meta_value><![CDATA[35]]></wp:meta_value>
		</wp:postmeta>
							<wp:postmeta>
		<wp:meta_key><![CDATA[_menu_item_object]]></wp:meta_key>
		<wp:meta_value><![CDATA[custom]]></wp:meta_value>
		</wp:postmeta>
							<wp:postmeta>
		<wp:meta_key><![CDATA[_menu_item_target]]></wp:meta_key>
		<wp:meta_value><![CDATA[]]></wp:meta_value>
		</wp:postmeta>
							<wp:postmeta>
		<wp:meta_key><![CDATA[_menu_item_classes]]></wp:meta_key>
		<wp:meta_value><![CDATA[a:1:{i:0;s:0:"";}]]></wp:meta_value>
		</wp:postmeta>
							<wp:postmeta>
		<wp:meta_key><![CDATA[_menu_item_xfn]]></wp:meta_key>
		<wp:meta_value><![CDATA[]]></wp:meta_value>
		</wp:postmeta>
							<wp:postmeta>
		<wp:meta_key><![CDATA[_menu_item_url]]></wp:meta_key>
		<wp:meta_value><![CDATA[https://ggogle.com]]></wp:meta_value>
		</wp:postmeta>
							</item>
					<item>
		<title><![CDATA[Joie]]></title>
		<link>https://marie-test.tim-momo.com/vice-versa/emotions/joie/</link>
		<pubDate>Thu, 28 Oct 2021 15:14:01 +0000</pubDate>
		<dc:creator><![CDATA[mariemichelle]]></dc:creator>
		<guid isPermaLink="false">http://localhost/demo/?post_type=emotions&#038;p=11</guid>
		<description></description>
		<content:encoded><![CDATA[<!-- wp:paragraph -->
<p>Charlotte Le Bon prête sa voix au personnage de Joie dans la version québécoise.</p>
<!-- /wp:paragraph -->]]></content:encoded>
		<excerpt:encoded><![CDATA[]]></excerpt:encoded>
		<wp:post_id>36</wp:post_id>
		<wp:post_date><![CDATA[2021-10-28 15:14:01]]></wp:post_date>
		<wp:post_date_gmt><![CDATA[2021-10-28 15:14:01]]></wp:post_date_gmt>
		<wp:post_modified><![CDATA[2024-11-11 22:09:25]]></wp:post_modified>
		<wp:post_modified_gmt><![CDATA[2024-11-11 22:09:25]]></wp:post_modified_gmt>
		<wp:comment_status><![CDATA[closed]]></wp:comment_status>
		<wp:ping_status><![CDATA[closed]]></wp:ping_status>
		<wp:post_name><![CDATA[joie]]></wp:post_name>
		<wp:status><![CDATA[publish]]></wp:status>
		<wp:post_parent>0</wp:post_parent>
		<wp:menu_order>0</wp:menu_order>
		<wp:post_type><![CDATA[emotions]]></wp:post_type>
		<wp:post_password><![CDATA[]]></wp:post_password>
		<wp:is_sticky>0</wp:is_sticky>
														<wp:postmeta>
		<wp:meta_key><![CDATA[_thumbnail_id]]></wp:meta_key>
		<wp:meta_value><![CDATA[30]]></wp:meta_value>
		</wp:postmeta>
							</item>
					<item>
		<title><![CDATA[Tristesse]]></title>
		<link>https://marie-test.tim-momo.com/vice-versa/emotions/tristesse/</link>
		<pubDate>Thu, 28 Oct 2021 15:18:04 +0000</pubDate>
		<dc:creator><![CDATA[mariemichelle]]></dc:creator>
		<guid isPermaLink="false">http://localhost/demo/?post_type=emotions&#038;p=14</guid>
		<description></description>
		<content:encoded><![CDATA[<!-- wp:paragraph -->
<p>Sonia Vachon prête sa voix au personnage de Tristesse dans la version québécoise. </p>
<!-- /wp:paragraph -->]]></content:encoded>
		<excerpt:encoded><![CDATA[]]></excerpt:encoded>
		<wp:post_id>37</wp:post_id>
		<wp:post_date><![CDATA[2021-10-28 15:18:04]]></wp:post_date>
		<wp:post_date_gmt><![CDATA[2021-10-28 15:18:04]]></wp:post_date_gmt>
		<wp:post_modified><![CDATA[2024-11-11 22:09:06]]></wp:post_modified>
		<wp:post_modified_gmt><![CDATA[2024-11-11 22:09:06]]></wp:post_modified_gmt>
		<wp:comment_status><![CDATA[closed]]></wp:comment_status>
		<wp:ping_status><![CDATA[closed]]></wp:ping_status>
		<wp:post_name><![CDATA[tristesse]]></wp:post_name>
		<wp:status><![CDATA[publish]]></wp:status>
		<wp:post_parent>0</wp:post_parent>
		<wp:menu_order>0</wp:menu_order>
		<wp:post_type><![CDATA[emotions]]></wp:post_type>
		<wp:post_password><![CDATA[]]></wp:post_password>
		<wp:is_sticky>0</wp:is_sticky>
														<wp:postmeta>
		<wp:meta_key><![CDATA[_thumbnail_id]]></wp:meta_key>
		<wp:meta_value><![CDATA[32]]></wp:meta_value>
		</wp:postmeta>
							</item>
					<item>
		<title><![CDATA[colere]]></title>
		<link>https://marie-test.tim-momo.com/vice-versa/colere/</link>
		<pubDate>Mon, 11 Nov 2024 22:02:38 +0000</pubDate>
		<dc:creator><![CDATA[mariemichelle]]></dc:creator>
		<guid isPermaLink="false">https://marie-test.tim-momo.com/vice-versa/wp-content/uploads/2024/11/colere.jpeg</guid>
		<description></description>
		<content:encoded><![CDATA[]]></content:encoded>
		<excerpt:encoded><![CDATA[]]></excerpt:encoded>
		<wp:post_id>28</wp:post_id>
		<wp:post_date><![CDATA[2024-11-11 22:02:38]]></wp:post_date>
		<wp:post_date_gmt><![CDATA[2024-11-11 22:02:38]]></wp:post_date_gmt>
		<wp:post_modified><![CDATA[2024-11-11 22:02:38]]></wp:post_modified>
		<wp:post_modified_gmt><![CDATA[2024-11-11 22:02:38]]></wp:post_modified_gmt>
		<wp:comment_status><![CDATA[open]]></wp:comment_status>
		<wp:ping_status><![CDATA[closed]]></wp:ping_status>
		<wp:post_name><![CDATA[colere]]></wp:post_name>
		<wp:status><![CDATA[inherit]]></wp:status>
		<wp:post_parent>0</wp:post_parent>
		<wp:menu_order>0</wp:menu_order>
		<wp:post_type><![CDATA[attachment]]></wp:post_type>
		<wp:post_password><![CDATA[]]></wp:post_password>
		<wp:is_sticky>0</wp:is_sticky>
						<wp:attachment_url><![CDATA[https://marie-test.tim-momo.com/vice-versa/wp-content/uploads/2024/11/colere.jpeg]]></wp:attachment_url>
											<wp:postmeta>
		<wp:meta_key><![CDATA[_wp_attachment_metadata]]></wp:meta_key>
		<wp:meta_value><![CDATA[a:6:{s:5:"width";i:450;s:6:"height";i:600;s:4:"file";s:19:"2024/11/colere.jpeg";s:8:"filesize";i:28091;s:5:"sizes";a:2:{s:6:"medium";a:5:{s:4:"file";s:19:"colere-225x300.jpeg";s:5:"width";i:225;s:6:"height";i:300;s:9:"mime-type";s:10:"image/jpeg";s:8:"filesize";i:14158;}s:9:"thumbnail";a:5:{s:4:"file";s:19:"colere-150x150.jpeg";s:5:"width";i:150;s:6:"height";i:150;s:9:"mime-type";s:10:"image/jpeg";s:8:"filesize";i:5966;}}s:10:"image_meta";a:12:{s:8:"aperture";s:1:"0";s:6:"credit";s:0:"";s:6:"camera";s:0:"";s:7:"caption";s:0:"";s:17:"created_timestamp";s:1:"0";s:9:"copyright";s:0:"";s:12:"focal_length";s:1:"0";s:3:"iso";s:1:"0";s:13:"shutter_speed";s:1:"0";s:5:"title";s:0:"";s:11:"orientation";s:1:"0";s:8:"keywords";a:0:{}}}]]></wp:meta_value>
		</wp:postmeta>
							<wp:postmeta>
		<wp:meta_key><![CDATA[_wp_attached_file]]></wp:meta_key>
		<wp:meta_value><![CDATA[2024/11/colere.jpeg]]></wp:meta_value>
		</wp:postmeta>
							</item>
					<item>
		<title><![CDATA[Peur]]></title>
		<link>https://marie-test.tim-momo.com/vice-versa/emotions/peur/</link>
		<pubDate>Thu, 28 Oct 2021 15:20:13 +0000</pubDate>
		<dc:creator><![CDATA[mariemichelle]]></dc:creator>
		<guid isPermaLink="false">http://localhost/demo/?post_type=emotions&#038;p=19</guid>
		<description></description>
		<content:encoded><![CDATA[<!-- wp:paragraph -->
<p>Xavier Dolan prête sa voix au personnage de Peur dans la version québécoise.</p>
<!-- /wp:paragraph -->]]></content:encoded>
		<excerpt:encoded><![CDATA[]]></excerpt:encoded>
		<wp:post_id>19</wp:post_id>
		<wp:post_date><![CDATA[2021-10-28 15:20:13]]></wp:post_date>
		<wp:post_date_gmt><![CDATA[2021-10-28 15:20:13]]></wp:post_date_gmt>
		<wp:post_modified><![CDATA[2024-11-11 22:08:42]]></wp:post_modified>
		<wp:post_modified_gmt><![CDATA[2024-11-11 22:08:42]]></wp:post_modified_gmt>
		<wp:comment_status><![CDATA[closed]]></wp:comment_status>
		<wp:ping_status><![CDATA[closed]]></wp:ping_status>
		<wp:post_name><![CDATA[peur]]></wp:post_name>
		<wp:status><![CDATA[publish]]></wp:status>
		<wp:post_parent>0</wp:post_parent>
		<wp:menu_order>0</wp:menu_order>
		<wp:post_type><![CDATA[emotions]]></wp:post_type>
		<wp:post_password><![CDATA[]]></wp:post_password>
		<wp:is_sticky>0</wp:is_sticky>
														<wp:postmeta>
		<wp:meta_key><![CDATA[_thumbnail_id]]></wp:meta_key>
		<wp:meta_value><![CDATA[31]]></wp:meta_value>
		</wp:postmeta>
							</item>
					<item>
		<title><![CDATA[Dégout]]></title>
		<link>https://marie-test.tim-momo.com/vice-versa/emotions/degout/</link>
		<pubDate>Thu, 28 Oct 2021 15:21:03 +0000</pubDate>
		<dc:creator><![CDATA[mariemichelle]]></dc:creator>
		<guid isPermaLink="false">http://localhost/demo/?post_type=emotions&#038;p=22</guid>
		<description></description>
		<content:encoded><![CDATA[<!-- wp:paragraph -->
<p>Édith Cochrane prête sa voix au personnage de Dégout dans la version québécoise.</p>
<!-- /wp:paragraph -->]]></content:encoded>
		<excerpt:encoded><![CDATA[]]></excerpt:encoded>
		<wp:post_id>22</wp:post_id>
		<wp:post_date><![CDATA[2021-10-28 15:21:03]]></wp:post_date>
		<wp:post_date_gmt><![CDATA[2021-10-28 15:21:03]]></wp:post_date_gmt>
		<wp:post_modified><![CDATA[2024-11-11 22:08:17]]></wp:post_modified>
		<wp:post_modified_gmt><![CDATA[2024-11-11 22:08:17]]></wp:post_modified_gmt>
		<wp:comment_status><![CDATA[closed]]></wp:comment_status>
		<wp:ping_status><![CDATA[closed]]></wp:ping_status>
		<wp:post_name><![CDATA[degout]]></wp:post_name>
		<wp:status><![CDATA[publish]]></wp:status>
		<wp:post_parent>0</wp:post_parent>
		<wp:menu_order>0</wp:menu_order>
		<wp:post_type><![CDATA[emotions]]></wp:post_type>
		<wp:post_password><![CDATA[]]></wp:post_password>
		<wp:is_sticky>0</wp:is_sticky>
														<wp:postmeta>
		<wp:meta_key><![CDATA[_thumbnail_id]]></wp:meta_key>
		<wp:meta_value><![CDATA[29]]></wp:meta_value>
		</wp:postmeta>
							</item>
				</channel>
</rss>
	