[
    {
        "key": "post_type_6732792446005",
        "title": "Émotions",
        "menu_order": 0,
        "active": true,
        "post_type": "emotions",
        "advanced_configuration": false,
        "import_source": "",
        "import_date": "",
        "labels": {
            "name": "Émotions",
            "singular_name": "Émotion",
            "menu_name": "Émotions",
            "all_items": "Tous les Émotions",
            "edit_item": "Modifier Émotion",
            "view_item": "Voir Émotion",
            "view_items": "Voir Émotions",
            "add_new_item": "Ajouter Émotion",
            "add_new": "Ajouter Émotion",
            "new_item": "Nouveau Émotion",
            "parent_item_colon": "Émotion parent :",
            "search_items": "Rechercher Émotions",
            "not_found": "Aucun émotions trouvé",
            "not_found_in_trash": "Aucun émotions trouvé dans la corbeille",
            "archives": "Archives des Émotion",
            "attributes": "Attributs des Émotion",
            "featured_image": "",
            "set_featured_image": "",
            "remove_featured_image": "",
            "use_featured_image": "",
            "insert_into_item": "Insérer dans émotion",
            "uploaded_to_this_item": "Téléversé sur ce émotion",
            "filter_items_list": "Filtrer la liste émotions",
            "filter_by_date": "Filtrer émotions par date",
            "items_list_navigation": "Navigation dans la liste Émotions",
            "items_list": "Liste Émotions",
            "item_published": "Émotion publié.",
            "item_published_privately": "Émotion publié en privé.",
            "item_reverted_to_draft": "Émotion repassé en brouillon.",
            "item_scheduled": "Émotion planifié.",
            "item_updated": "Émotion mis à jour.",
            "item_link": "Lien Émotion",
            "item_link_description": "Un lien vers un émotion."
        },
        "description": "",
        "public": true,
        "hierarchical": false,
        "exclude_from_search": false,
        "publicly_queryable": true,
        "show_ui": true,
        "show_in_menu": true,
        "admin_menu_parent": "",
        "show_in_admin_bar": true,
        "show_in_nav_menus": true,
        "show_in_rest": true,
        "rest_base": "",
        "rest_namespace": "wp\/v2",
        "rest_controller_class": "WP_REST_Posts_Controller",
        "menu_position": "",
        "menu_icon": {
            "type": "dashicons",
            "value": "dashicons-admin-post"
        },
        "rename_capabilities": false,
        "singular_capability_name": "post",
        "plural_capability_name": "posts",
        "supports": [
            "title",
            "editor",
            "thumbnail",
            "custom-fields"
        ],
        "taxonomies": "",
        "has_archive": false,
        "has_archive_slug": "",
        "rewrite": {
            "permalink_rewrite": "post_type_key",
            "with_front": "1",
            "feeds": "0",
            "pages": "1"
        },
        "query_var": "post_type_key",
        "query_var_name": "",
        "can_export": true,
        "delete_with_user": false,
        "register_meta_box_cb": "",
        "enter_title_here": ""
    }
]
