[
    {
        "key": "group_654453af7216c",
        "title": "Album",
        "fields": [
            {
                "key": "field_654453af8b200",
                "label": "Année",
                "name": "annee",
                "aria-label": "",
                "type": "number",
                "instructions": "",
                "required": 0,
                "conditional_logic": 0,
                "wrapper": {
                    "width": "",
                    "class": "",
                    "id": ""
                },
                "default_value": "",
                "min": "",
                "max": "",
                "placeholder": "",
                "step": "",
                "prepend": "",
                "append": ""
            }
        ],
        "location": [
            [
                {
                    "param": "post_type",
                    "operator": "==",
                    "value": "album"
                }
            ]
        ],
        "menu_order": 0,
        "position": "normal",
        "style": "default",
        "label_placement": "top",
        "instruction_placement": "label",
        "hide_on_screen": "",
        "active": true,
        "description": "",
        "show_in_rest": 0
    },
    {
        "key": "group_65445565d3c6a",
        "title": "Groupe-musique",
        "fields": [
            {
                "key": "field_654455658ccbd",
                "label": "Description courte (cartes)",
                "name": "description_courte",
                "aria-label": "",
                "type": "text",
                "instructions": "",
                "required": 0,
                "conditional_logic": 0,
                "wrapper": {
                    "width": "",
                    "class": "",
                    "id": ""
                },
                "default_value": "",
                "maxlength": "",
                "placeholder": "",
                "prepend": "",
                "append": ""
            },
            {
                "key": "field_6544559e8ccbe",
                "label": "Albums du groupe",
                "name": "albums-du-groupe",
                "aria-label": "",
                "type": "relationship",
                "instructions": "",
                "required": 0,
                "conditional_logic": 0,
                "wrapper": {
                    "width": "",
                    "class": "",
                    "id": ""
                },
                "post_type": [
                    "album"
                ],
                "post_status": "",
                "taxonomy": "",
                "filters": [
                    "search",
                    "post_type",
                    "taxonomy"
                ],
                "return_format": "object",
                "min": "",
                "max": "",
                "elements": "",
                "bidirectional": 0,
                "bidirectional_target": []
            },
            {
                "key": "field_6544562deb31f",
                "label": "Musiciens du groupe",
                "name": "musiciens-du-groupe",
                "aria-label": "",
                "type": "relationship",
                "instructions": "",
                "required": 0,
                "conditional_logic": 0,
                "wrapper": {
                    "width": "",
                    "class": "",
                    "id": ""
                },
                "post_type": [
                    "musicien"
                ],
                "post_status": "",
                "taxonomy": "",
                "filters": [
                    "search",
                    "post_type",
                    "taxonomy"
                ],
                "return_format": "object",
                "min": "",
                "max": "",
                "elements": "",
                "bidirectional": 0,
                "bidirectional_target": []
            },
            {
                "key": "field_65446c058d76f",
                "label": "classe",
                "name": "classe",
                "aria-label": "",
                "type": "text",
                "instructions": "",
                "required": 0,
                "conditional_logic": 0,
                "wrapper": {
                    "width": "",
                    "class": "",
                    "id": ""
                },
                "default_value": "",
                "maxlength": "",
                "placeholder": "",
                "prepend": "",
                "append": ""
            }
        ],
        "location": [
            [
                {
                    "param": "post_type",
                    "operator": "==",
                    "value": "post"
                }
            ],
            [
                {
                    "param": "post_type",
                    "operator": "==",
                    "value": "groupe"
                }
            ]
        ],
        "menu_order": 0,
        "position": "normal",
        "style": "default",
        "label_placement": "top",
        "instruction_placement": "label",
        "hide_on_screen": "",
        "active": true,
        "description": "",
        "show_in_rest": 0
    },
    {
        "key": "group_654453e6ed37e",
        "title": "Musicien",
        "fields": [
            {
                "key": "field_654453e7f19d0",
                "label": "Instrument",
                "name": "instrument",
                "aria-label": "",
                "type": "checkbox",
                "instructions": "",
                "required": 0,
                "conditional_logic": 0,
                "wrapper": {
                    "width": "",
                    "class": "",
                    "id": ""
                },
                "choices": {
                    "chant": "chant",
                    "choeurs": "choeurs",
                    "basse": "basse",
                    "guitare": "guitare",
                    "piano": "piano",
                    "clavier": "clavier",
                    "synth": "synth",
                    "batterie": "batterie",
                    "percussion": "percussion"
                },
                "default_value": [],
                "return_format": "value",
                "allow_custom": 0,
                "layout": "vertical",
                "toggle": 0,
                "save_custom": 0,
                "custom_choice_button_text": "Ajouter un choix"
            }
        ],
        "location": [
            [
                {
                    "param": "post_type",
                    "operator": "==",
                    "value": "musicien"
                }
            ]
        ],
        "menu_order": 0,
        "position": "normal",
        "style": "default",
        "label_placement": "top",
        "instruction_placement": "label",
        "hide_on_screen": "",
        "active": true,
        "description": "",
        "show_in_rest": 0
    },
    {
        "key": "post_type_654d5a3564d9d",
        "title": "Albums",
        "menu_order": 0,
        "active": true,
        "post_type": "album",
        "advanced_configuration": false,
        "import_source": "",
        "import_date": "",
        "labels": {
            "name": "Albums",
            "singular_name": "Album",
            "menu_name": "Albums",
            "all_items": "All Albums",
            "edit_item": "Edit Album",
            "view_item": "View Album",
            "view_items": "View Albums",
            "add_new_item": "Add New Album",
            "add_new": "",
            "new_item": "New Album",
            "parent_item_colon": "Parent Album:",
            "search_items": "Search Albums",
            "not_found": "No albums found",
            "not_found_in_trash": "No albums found in Trash",
            "archives": "Album Archives",
            "attributes": "Album Attributes",
            "featured_image": "",
            "set_featured_image": "",
            "remove_featured_image": "",
            "use_featured_image": "",
            "insert_into_item": "Insert into album",
            "uploaded_to_this_item": "Uploaded to this album",
            "filter_items_list": "Filter albums list",
            "filter_by_date": "Filter albums by date",
            "items_list_navigation": "Albums list navigation",
            "items_list": "Albums list",
            "item_published": "Album published.",
            "item_published_privately": "Album published privately.",
            "item_reverted_to_draft": "Album reverted to draft.",
            "item_scheduled": "Album scheduled.",
            "item_updated": "Album updated.",
            "item_link": "Album Link",
            "item_link_description": "A link to a album."
        },
        "description": "",
        "public": true,
        "hierarchical": false,
        "exclude_from_search": false,
        "publicly_queryable": true,
        "show_ui": true,
        "show_in_menu": true,
        "admin_menu_parent": "",
        "show_in_admin_bar": true,
        "show_in_nav_menus": true,
        "show_in_rest": true,
        "rest_base": "",
        "rest_namespace": "wp\/v2",
        "rest_controller_class": "WP_REST_Posts_Controller",
        "menu_position": "",
        "menu_icon": "",
        "rename_capabilities": false,
        "singular_capability_name": "post",
        "plural_capability_name": "posts",
        "supports": [
            "title",
            "editor",
            "thumbnail"
        ],
        "taxonomies": "",
        "has_archive": false,
        "has_archive_slug": "",
        "rewrite": {
            "permalink_rewrite": "post_type_key",
            "with_front": "1",
            "feeds": "0",
            "pages": "1"
        },
        "query_var": "post_type_key",
        "query_var_name": "",
        "can_export": true,
        "delete_with_user": false,
        "register_meta_box_cb": "",
        "enter_title_here": ""
    },
    {
        "key": "post_type_654d2b937f060",
        "title": "Groupes",
        "menu_order": 0,
        "active": true,
        "post_type": "groupe",
        "advanced_configuration": true,
        "import_source": "",
        "import_date": "",
        "labels": {
            "name": "Groupes",
            "singular_name": "Groupe",
            "menu_name": "Groupes",
            "all_items": "All Groupes",
            "edit_item": "Edit Groupe",
            "view_item": "View Groupe",
            "view_items": "View Groupes",
            "add_new_item": "Add New Groupe",
            "add_new": "",
            "new_item": "New Groupe",
            "parent_item_colon": "Parent Groupe:",
            "search_items": "Search Groupes",
            "not_found": "No groupes found",
            "not_found_in_trash": "No groupes  found in Trash",
            "archives": "Groupe Archives",
            "attributes": "Groupe Attributes",
            "featured_image": "",
            "set_featured_image": "",
            "remove_featured_image": "",
            "use_featured_image": "",
            "insert_into_item": "Insert into groupe",
            "uploaded_to_this_item": "Uploaded to this groupe",
            "filter_items_list": "Filter groupes list",
            "filter_by_date": "Filter groupes by date",
            "items_list_navigation": "Groupes list navigation",
            "items_list": "Groupes list",
            "item_published": "Groupe published.",
            "item_published_privately": "Groupe published privately.",
            "item_reverted_to_draft": "Groupe reverted to draft.",
            "item_scheduled": "Groupe scheduled.",
            "item_updated": "Groupe updated.",
            "item_link": "Groupe Link",
            "item_link_description": "A link to a groupe."
        },
        "description": "",
        "public": true,
        "hierarchical": false,
        "exclude_from_search": false,
        "publicly_queryable": true,
        "show_ui": true,
        "show_in_menu": true,
        "admin_menu_parent": "",
        "show_in_admin_bar": true,
        "show_in_nav_menus": true,
        "show_in_rest": true,
        "rest_base": "",
        "rest_namespace": "wp\/v2",
        "rest_controller_class": "WP_REST_Posts_Controller",
        "menu_position": "",
        "menu_icon": "",
        "rename_capabilities": false,
        "singular_capability_name": "post",
        "plural_capability_name": "posts",
        "supports": [
            "title",
            "editor",
            "thumbnail"
        ],
        "taxonomies": "",
        "has_archive": false,
        "has_archive_slug": "",
        "rewrite": {
            "permalink_rewrite": "post_type_key",
            "with_front": "1",
            "feeds": "0",
            "pages": "1"
        },
        "query_var": "post_type_key",
        "query_var_name": "",
        "can_export": true,
        "delete_with_user": false,
        "register_meta_box_cb": "",
        "enter_title_here": ""
    },
    {
        "key": "post_type_654d59216aec7",
        "title": "Musiciens",
        "menu_order": 0,
        "active": true,
        "post_type": "musicien",
        "advanced_configuration": false,
        "import_source": "",
        "import_date": "",
        "labels": {
            "name": "Musiciens",
            "singular_name": "Musicien",
            "menu_name": "Musiciens",
            "all_items": "All Musiciens",
            "edit_item": "Edit Musicien",
            "view_item": "View Musicien",
            "view_items": "View Musiciens",
            "add_new_item": "Add New Musicien",
            "add_new": "",
            "new_item": "New Musicien",
            "parent_item_colon": "Parent Musicien:",
            "search_items": "Search Musiciens",
            "not_found": "No musiciens found",
            "not_found_in_trash": "No musiciens found in Trash",
            "archives": "Musicien Archives",
            "attributes": "Musicien Attributes",
            "featured_image": "",
            "set_featured_image": "",
            "remove_featured_image": "",
            "use_featured_image": "",
            "insert_into_item": "Insert into musicien",
            "uploaded_to_this_item": "Uploaded to this musicien",
            "filter_items_list": "Filter musiciens list",
            "filter_by_date": "Filter musiciens by date",
            "items_list_navigation": "Musiciens list navigation",
            "items_list": "Musiciens list",
            "item_published": "Musicien published.",
            "item_published_privately": "Musicien published privately.",
            "item_reverted_to_draft": "Musicien reverted to draft.",
            "item_scheduled": "Musicien scheduled.",
            "item_updated": "Musicien updated.",
            "item_link": "Musicien Link",
            "item_link_description": "A link to a musicien."
        },
        "description": "",
        "public": true,
        "hierarchical": false,
        "exclude_from_search": false,
        "publicly_queryable": true,
        "show_ui": true,
        "show_in_menu": true,
        "admin_menu_parent": "",
        "show_in_admin_bar": true,
        "show_in_nav_menus": true,
        "show_in_rest": true,
        "rest_base": "",
        "rest_namespace": "wp\/v2",
        "rest_controller_class": "WP_REST_Posts_Controller",
        "menu_position": "",
        "menu_icon": "",
        "rename_capabilities": false,
        "singular_capability_name": "post",
        "plural_capability_name": "posts",
        "supports": [
            "title",
            "editor",
            "thumbnail"
        ],
        "taxonomies": "",
        "has_archive": false,
        "has_archive_slug": "",
        "rewrite": {
            "permalink_rewrite": "post_type_key",
            "with_front": "1",
            "feeds": "0",
            "pages": "1"
        },
        "query_var": "post_type_key",
        "query_var_name": "",
        "can_export": true,
        "delete_with_user": false,
        "register_meta_box_cb": "",
        "enter_title_here": ""
    }
]
